{
    "1": {
        "30": [0.99, 0.010000000000000002]
    },
    "2": {
        "30": [0.8566666666666667, 0.1433333333333333]
    },
    "3": {
        "30": [0.9666666666666667, 0.033333333333333326]
    },
    "4": {
        "30": [0.91, 0.09]
    },
    "5": {
        "30": [0.9066666666666666, 0.09333333333333335]
    },
    "6": {
        "30": [0.9166666666666666, 0.08333333333333331]
    },
    "7": {
        "30": [0.8366666666666667, 0.16333333333333333]
    },
    "8": {
        "30": [0.8366666666666667, 0.16333333333333333]
    },
    "9": {
        "30": [0.95, 0.05]
    },
    "10": {
        "30": [0.95, 0.05]
    },
    "11": {
        "30": [0.9366666666666666, 0.06333333333333334]
    },
    "12": {
        "30": [0.9, 0.1]
    },
    "13": {
        "30": [0.8866666666666667, 0.11333333333333331]
    },
    "14": {
        "30": [0.95, 0.05]
    },
    "15": {
        "30": [0.9199999999999999, 0.08]
    },
    "16": {
        "30": [0.8866666666666667, 0.11333333333333334]
    },
    "17": {
        "30": [0.96, 0.04]
    },
    "18": {
        "30": [0.9533333333333333, 0.04666666666666669]
    },
    "19": {
        "30": [0.92, 0.08000000000000002]
    },
    "20": {
        "30": [0.92, 0.07999999999999999]
    },
    "21": {
        "30": [0.8566666666666668, 0.14333333333333337]
    },
    "22": {
        "30": [0.8466666666666667, 0.15333333333333332]
    },
    "23": {
        "30": [0.9266666666666667, 0.07333333333333332]
    },
    "24": {
        "30": [0.99, 0.009999999999999995]
    },
    "25": {
        "30": [0.92, 0.07999999999999999]
    },
    "26": {
        "30": [0.95, 0.049999999999999996]
    },
    "27": {
        "30": [0.8766666666666667, 0.12333333333333332]
    },
    "28": {
        "30": [0.8533333333333334, 0.14666666666666667]
    },
    "29": {
        "30": [0.79, 0.21000000000000002]
    },
    "30": {
        "30": [0.8266666666666668, 0.1733333333333333]
    },
    "31": {
        "30": [0.9700000000000001, 0.03]
    },
    "32": {
        "30": [0.9066666666666666, 0.09333333333333334]
    },
    "33": {
        "30": [0.8366666666666667, 0.16333333333333333]
    },
    "34": {
        "30": [0.95, 0.05]
    },
    "35": {
        "30": [0.9166666666666666, 0.08333333333333334]
    },
    "36": {
        "30": [0.92, 0.08000000000000002]
    },
    "37": {
        "30": [0.8300000000000001, 0.17]
    },
    "38": {
        "30": [0.7633333333333334, 0.23666666666666666]
    },
    "39": {
        "30": [0.8366666666666667, 0.16333333333333333]
    },
    "40": {
        "30": [0.92, 0.08]
    },
    "41": {
        "30": [0.8300000000000001, 0.17]
    },
    "42": {
        "30": [0.76, 0.24]
    },
    "43": {
        "30": [0.78, 0.22]
    },
    "44": {
        "30": [0.88, 0.12]
    },
    "45": {
        "30": [0.9166666666666667, 0.08333333333333334]
    },
    "46": {
        "30": [0.9400000000000001, 0.06]
    },
    "47": {
        "30": [0.76, 0.24]
    },
    "48": {
        "30": [0.76, 0.24]
    },
    "49": {
        "30": [0.9500000000000001, 0.05]
    },
    "50": {
        "30": [0.8300000000000001, 0.17]
    },
    "51": {
        "30": [0.96, 0.039999999999999994]
    },
    "52": {
        "30": [0.92, 0.08]
    },
    "53": {
        "30": [0.8300000000000001, 0.17]
    },
    "54": {
        "30": [0.91, 0.09000000000000001]
    },
    "55": {
        "30": [0.79, 0.21]
    },
    "56": {
        "30": [0.8833333333333333, 0.11666666666666667]
    },
    "57": {
        "30": [0.86, 0.14]
    },
    "58": {
        "30": [0.95, 0.05]
    },
    "59": {
        "30": [0.99, 0.010000000000000002]
    },
    "60": {
        "30": [0.8, 0.2]
    },
    "61": {
        "30": [0.9666666666666667, 0.03333333333333333]
    },
    "62": {
        "30": [0.8766666666666667, 0.12333333333333332]
    },
    "63": {
        "30": [0.89, 0.11]
    },
    "64": {
        "30": [0.9266666666666666, 0.07333333333333333]
    },
    "65": {
        "30": [0.8466666666666667, 0.15333333333333332]
    },
    "66": {
        "30": [0.86, 0.13999999999999999]
    },
    "67": {
        "30": [0.86, 0.13999999999999999]
    },
    "68": {
        "30": [0.75, 0.25]
    },
    "69": {
        "30": [0.75, 0.25]
    },
    "70": {
        "30": [0.8866666666666667, 0.11333333333333334]
    },
    "71": {
        "30": [0.88, 0.12000000000000001]
    },
    "72": {
        "30": [0.9566666666666667, 0.043333333333333335]
    },
    "73": {
        "30": [0.8800000000000001, 0.12]
    },
    "74": {
        "30": [0.9099999999999999, 0.08999999999999998]
    },
    "75": {
        "30": [0.97, 0.03]
    },
    "76": {
        "30": [0.87, 0.13]
    },
    "77": {
        "30": [0.9266666666666667, 0.07333333333333333]
    },
    "78": {
        "30": [0.8766666666666667, 0.12333333333333335]
    },
    "79": {
        "30": [0.92, 0.07999999999999999]
    },
    "80": {
        "30": [0.8733333333333333, 0.12666666666666665]
    },
    "81": {
        "30": [0.94, 0.06]
    },
    "82": {
        "30": [0.98, 0.020000000000000004]
    },
    "83": {
        "30": [0.8300000000000001, 0.17]
    },
    "84": {
        "30": [0.8900000000000001, 0.11]
    },
    "85": {
        "30": [0.97, 0.03]
    },
    "86": {
        "30": [0.9166666666666667, 0.08333333333333331]
    },
    "87": {
        "30": [0.9166666666666666, 0.08333333333333334]
    },
    "88": {
        "30": [0.91, 0.08999999999999998]
    },
    "89": {
        "30": [0.91, 0.09]
    },
    "90": {
        "30": [0.8300000000000001, 0.16999999999999998]
    },
    "91": {
        "30": [0.8466666666666667, 0.15333333333333332]
    },
    "92": {
        "30": [0.8466666666666668, 0.15333333333333332]
    },
    "93": {
        "30": [0.83, 0.16999999999999998]
    },
    "94": {
        "30": [0.7566666666666667, 0.24333333333333332]
    },
    "95": {
        "30": [0.8933333333333334, 0.10666666666666666]
    },
    "96": {
        "30": [0.88, 0.12]
    },
    "97": {
        "30": [0.9500000000000001, 0.04999999999999999]
    },
    "98": {
        "30": [0.9, 0.1]
    },
    "99": {
        "30": [0.91, 0.09]
    },
    "100": {
        "30": [0.87, 0.13]
    }
}