{
    "1": {
        "30": [0.8793333333333333, 0.12066666666666667]
    },
    "2": {
        "30": [0.7332266666666667, 0.2667733333333333]
    },
    "3": {
        "30": [0.9065666666666666, 0.09343333333333334]
    },
    "4": {
        "30": [0.8, 0.2]
    },
    "5": {
        "30": [0.9, 0.1]
    },
    "6": {
        "30": [0.8216666666666667, 0.17833333333333334]
    },
    "7": {
        "30": [0.9515666666666667, 0.04843333333333333]
    },
    "8": {
        "30": [0.8533333333333334, 0.14666666666666667]
    },
    "9": {
        "30": [0.7832266666666667, 0.21677333333333332]
    },
    "10": {
        "30": [0.8883333333333333, 0.11166666666666666]
    },
    "11": {
        "30": [0.8160000000000001, 0.184]
    },
    "12": {
        "30": [0.78646, 0.21354]
    },
    "13": {
        "30": [0.7498933333333334, 0.2501066666666667]
    },
    "14": {
        "30": [0.8432333333333334, 0.15676666666666667]
    },
    "15": {
        "30": [0.8432333333333334, 0.15676666666666667]
    },
    "16": {
        "30": [0.9859, 0.0141]
    },
    "17": {
        "30": [0.9116666666666666, 0.08833333333333335]
    },
    "18": {
        "30": [0.9536666666666667, 0.04633333333333333]
    },
    "19": {
        "30": [0.8533333333333333, 0.14666666666666667]
    },
    "20": {
        "30": [0.85656, 0.14344]
    },
    "21": {
        "30": [0.9099999999999999, 0.09]
    },
    "22": {
        "30": [0.85656, 0.14344]
    },
    "23": {
        "30": [0.7033333333333334, 0.2966666666666667]
    },
    "24": {
        "30": [0.9126666666666666, 0.08733333333333333]
    },
    "25": {
        "30": [0.87, 0.13]
    },
    "26": {
        "30": [0.8033333333333333, 0.19666666666666666]
    },
    "27": {
        "30": [0.891, 0.109]
    },
    "28": {
        "30": [0.966, 0.034]
    },
    "29": {
        "30": [0.8765666666666667, 0.12343333333333334]
    },
    "30": {
        "30": [0.74656, 0.25344]
    },
    "31": {
        "30": [0.7542266666666667, 0.24577333333333334]
    },
    "32": {
        "30": [0.7798933333333333, 0.22010666666666667]
    },
    "33": {
        "30": [0.9182333333333333, 0.08176666666666667]
    },
    "34": {
        "30": [0.9565666666666667, 0.04343333333333333]
    },
    "35": {
        "30": [0.8832333333333333, 0.11676666666666666]
    },
    "36": {
        "30": [0.86, 0.14]
    },
    "37": {
        "30": [0.8366666666666667, 0.16333333333333333]
    },
    "38": {
        "30": [0.88756, 0.11244]
    },
    "39": {
        "30": [0.9525666666666667, 0.04743333333333333]
    },
    "40": {
        "30": [0.8165600000000001, 0.18344]
    },
    "41": {
        "30": [0.8, 0.2]
    },
    "42": {
        "30": [0.9126666666666666, 0.08733333333333335]
    },
    "43": {
        "30": [0.8542266666666667, 0.14577333333333334]
    },
    "44": {
        "30": [0.9525666666666667, 0.04743333333333333]
    },
    "45": {
        "30": [0.7798933333333333, 0.22010666666666667]
    },
    "46": {
        "30": [0.9165666666666666, 0.08343333333333333]
    },
    "47": {
        "30": [0.9166666666666666, 0.08333333333333334]
    },
    "48": {
        "30": [0.8076666666666666, 0.19233333333333336]
    },
    "49": {
        "30": [0.9192333333333333, 0.08076666666666667]
    },
    "50": {
        "30": [0.9233333333333333, 0.07666666666666667]
    },
    "51": {
        "30": [0.896, 0.10400000000000001]
    },
    "52": {
        "30": [0.845, 0.15500000000000003]
    },
    "53": {
        "30": [0.8586666666666667, 0.14133333333333334]
    },
    "54": {
        "30": [0.8793333333333333, 0.12066666666666667]
    },
    "55": {
        "30": [0.9033333333333333, 0.09666666666666666]
    },
    "56": {
        "30": [0.841, 0.159]
    },
    "57": {
        "30": [0.8993333333333333, 0.10066666666666667]
    },
    "58": {
        "30": [0.9066666666666666, 0.09333333333333332]
    },
    "59": {
        "30": [0.8966666666666666, 0.10333333333333333]
    },
    "60": {
        "30": [0.8826666666666667, 0.11733333333333335]
    },
    "61": {
        "30": [0.8493333333333334, 0.15066666666666667]
    },
    "62": {
        "30": [0.8743333333333333, 0.12566666666666665]
    },
    "63": {
        "30": [0.8258933333333334, 0.1741066666666667]
    },
    "64": {
        "30": [0.8826666666666667, 0.11733333333333335]
    },
    "65": {
        "30": [0.8443333333333334, 0.15566666666666668]
    },
    "66": {
        "30": [0.89156, 0.10844000000000001]
    },
    "67": {
        "30": [0.882, 0.118]
    },
    "68": {
        "30": [0.861, 0.139]
    },
    "69": {
        "30": [0.75656, 0.24344000000000002]
    },
    "70": {
        "30": [0.7165600000000001, 0.28344]
    },
    "71": {
        "30": [0.8132266666666667, 0.18677333333333335]
    },
    "72": {
        "30": [0.8116666666666666, 0.18833333333333335]
    },
    "73": {
        "30": [0.9203333333333333, 0.07966666666666666]
    },
    "74": {
        "30": [0.915, 0.085]
    },
    "75": {
        "30": [0.89, 0.11]
    },
    "76": {
        "30": [0.8165600000000001, 0.18344]
    },
    "77": {
        "30": [0.9099, 0.0901]
    },
    "78": {
        "30": [0.76656, 0.23344]
    },
    "79": {
        "30": [0.8531266666666667, 0.14687333333333333]
    },
    "80": {
        "30": [0.8533333333333334, 0.14666666666666667]
    },
    "81": {
        "30": [0.846, 0.15400000000000003]
    },
    "82": {
        "30": [0.7943333333333333, 0.20566666666666666]
    },
    "83": {
        "30": [0.8499, 0.1501]
    },
    "84": {
        "30": [0.8533333333333333, 0.14666666666666667]
    },
    "85": {
        "30": [0.9193333333333333, 0.08066666666666666]
    },
    "86": {
        "30": [0.9076666666666666, 0.09233333333333334]
    },
    "87": {
        "30": [0.8592266666666667, 0.14077333333333333]
    },
    "88": {
        "30": [0.8, 0.2]
    },
    "89": {
        "30": [0.78646, 0.21354]
    },
    "90": {
        "30": [0.9203333333333333, 0.07966666666666666]
    },
    "91": {
        "30": [0.8065666666666667, 0.19343333333333335]
    },
    "92": {
        "30": [0.992, 0.008]
    },
    "93": {
        "30": [0.86656, 0.13344]
    },
    "94": {
        "30": [0.7165600000000001, 0.28344]
    },
    "95": {
        "30": [0.9116666666666666, 0.08833333333333333]
    },
    "96": {
        "30": [0.846, 0.15400000000000003]
    },
    "97": {
        "30": [0.78646, 0.21354]
    },
    "98": {
        "30": [0.8966666666666666, 0.10333333333333333]
    },
    "99": {
        "30": [0.88756, 0.11244]
    },
    "100": {
        "30": [0.9182333333333333, 0.08176666666666667]
    }
}