{
    "1": {
        "30": [0.96, 0.04]
    },
    "2": {
        "30": [0.9166666666666666, 0.08333333333333334]
    },
    "3": {
        "30": [0.9166666666666666, 0.08333333333333334]
    },
    "4": {
        "30": [0.92, 0.08]
    },
    "5": {
        "30": [0.8866666666666667, 0.11333333333333334]
    },
    "6": {
        "30": [0.9266666666666666, 0.07333333333333333]
    },
    "7": {
        "30": [0.9666666666666667, 0.03333333333333333]
    },
    "8": {
        "30": [0.8866666666666667, 0.11333333333333334]
    },
    "9": {
        "30": [0.97, 0.03]
    },
    "10": {
        "30": [0.9366666666666666, 0.06333333333333332]
    },
    "11": {
        "30": [0.8466666666666667, 0.15333333333333332]
    },
    "12": {
        "30": [0.85, 0.15000000000000002]
    },
    "13": {
        "30": [0.9666666666666667, 0.03333333333333333]
    },
    "14": {
        "30": [0.9266666666666666, 0.07333333333333333]
    },
    "15": {
        "30": [0.96, 0.04]
    },
    "16": {
        "30": [0.9366666666666666, 0.06333333333333332]
    },
    "17": {
        "30": [0.9, 0.1]
    },
    "18": {
        "30": [0.9033333333333333, 0.09666666666666666]
    },
    "19": {
        "30": [0.96, 0.04]
    },
    "20": {
        "30": [0.9, 0.1]
    },
    "21": {
        "30": [0.9366666666666666, 0.06333333333333332]
    },
    "22": {
        "30": [0.8866666666666667, 0.11333333333333334]
    },
    "23": {
        "30": [0.8466666666666667, 0.15333333333333332]
    },
    "24": {
        "30": [0.97, 0.03]
    },
    "25": {
        "30": [0.9, 0.1]
    },
    "26": {
        "30": [0.88, 0.12]
    },
    "27": {
        "30": [0.8866666666666667, 0.11333333333333334]
    },
    "28": {
        "30": [0.8133333333333334, 0.18666666666666665]
    },
    "29": {
        "30": [0.92, 0.08]
    },
    "30": {
        "30": [0.8866666666666667, 0.11333333333333334]
    },
    "31": {
        "30": [0.9, 0.1]
    },
    "32": {
        "30": [0.9166666666666666, 0.08333333333333334]
    },
    "33": {
        "30": [0.9666666666666667, 0.03333333333333333]
    },
    "34": {
        "30": [0.97, 0.03]
    },
    "35": {
        "30": [0.9666666666666667, 0.03333333333333333]
    },
    "36": {
        "30": [0.96, 0.04]
    },
    "37": {
        "30": [0.97, 0.03]
    },
    "38": {
        "30": [0.9333333333333333, 0.06666666666666667]
    },
    "39": {
        "30": [0.9366666666666666, 0.06333333333333332]
    },
    "40": {
        "30": [0.96, 0.04]
    },
    "41": {
        "30": [0.9, 0.1]
    },
    "42": {
        "30": [0.96, 0.04]
    },
    "43": {
        "30": [0.88, 0.12]
    },
    "44": {
        "30": [0.9, 0.1]
    },
    "45": {
        "30": [0.9266666666666666, 0.07333333333333333]
    },
    "46": {
        "30": [0.92, 0.08]
    },
    "47": {
        "30": [0.88, 0.12]
    },
    "48": {
        "30": [0.9666666666666667, 0.03333333333333333]
    },
    "49": {
        "30": [0.9, 0.1]
    },
    "50": {
        "30": [0.97, 0.03]
    },
    "51": {
        "30": [0.92, 0.08]
    },
    "52": {
        "30": [0.96, 0.04]
    },
    "53": {
        "30": [0.96, 0.04]
    },
    "54": {
        "30": [0.92, 0.08]
    },
    "55": {
        "30": [0.96, 0.04]
    },
    "56": {
        "30": [0.8933333333333333, 0.10666666666666666]
    },
    "57": {
        "30": [0.9, 0.1]
    },
    "58": {
        "30": [0.92, 0.08]
    },
    "59": {
        "30": [0.9, 0.1]
    },
    "60": {
        "30": [0.96, 0.04]
    },
    "61": {
        "30": [0.9666666666666667, 0.03333333333333333]
    },
    "62": {
        "30": [0.9366666666666666, 0.06333333333333332]
    },
    "63": {
        "30": [0.92, 0.08]
    },
    "64": {
        "30": [0.9166666666666666, 0.08333333333333334]
    },
    "65": {
        "30": [0.9166666666666666, 0.08333333333333334]
    },
    "66": {
        "30": [0.9, 0.1]
    },
    "67": {
        "30": [0.97, 0.03]
    },
    "68": {
        "30": [0.97, 0.03]
    },
    "69": {
        "30": [0.9, 0.1]
    },
    "70": {
        "30": [0.9666666666666667, 0.03333333333333333]
    },
    "71": {
        "30": [0.9, 0.1]
    },
    "72": {
        "30": [0.8466666666666667, 0.15333333333333332]
    },
    "73": {
        "30": [0.97, 0.03]
    },
    "74": {
        "30": [0.97, 0.03]
    },
    "75": {
        "30": [0.9, 0.1]
    },
    "76": {
        "30": [0.88, 0.12]
    },
    "77": {
        "30": [0.9266666666666666, 0.07333333333333333]
    },
    "78": {
        "30": [0.9266666666666666, 0.07333333333333333]
    },
    "79": {
        "30": [0.9, 0.1]
    },
    "80": {
        "30": [0.9333333333333333, 0.06666666666666667]
    },
    "81": {
        "30": [0.9, 0.1]
    },
    "82": {
        "30": [0.88, 0.12]
    },
    "83": {
        "30": [0.97, 0.03]
    },
    "84": {
        "30": [0.97, 0.03]
    },
    "85": {
        "30": [0.9, 0.1]
    },
    "86": {
        "30": [0.9666666666666667, 0.03333333333333333]
    },
    "87": {
        "30": [0.9166666666666666, 0.08333333333333334]
    },
    "88": {
        "30": [0.97, 0.03]
    },
    "89": {
        "30": [0.97, 0.03]
    },
    "90": {
        "30": [0.96, 0.04]
    },
    "91": {
        "30": [0.8866666666666667, 0.11333333333333334]
    },
    "92": {
        "30": [0.9266666666666666, 0.07333333333333333]
    },
    "93": {
        "30": [0.92, 0.08]
    },
    "94": {
        "30": [0.9366666666666666, 0.06333333333333332]
    },
    "95": {
        "30": [0.8933333333333333, 0.10666666666666666]
    },
    "96": {
        "30": [0.88, 0.12]
    },
    "97": {
        "30": [0.92, 0.08]
    },
    "98": {
        "30": [0.88, 0.12]
    },
    "99": {
        "30": [0.97, 0.03]
    },
    "100": {
        "30": [0.96, 0.04]
    }
}