{
    "agent1": [88.79333333333331, 36.11951111111111, 6.009951007380269, 8],
    "agent2": [95.43333333333332, 13.047777777777785, 3.6121707846913584, 15],
    "agent3": [85.98902000000001, 37.47183613737776, 6.121424355276945, 21],
    "agent4": [90.53333333333335, 11.048888888888886, 3.3239868966181088, 27.5],
    "agent5": [79.65333333333335, 94.39537777777792, 9.715728370934313, 33],
    "agent6": [84.10666666666658, 63.92640000000003, 7.9953986767390175, 28],
    "agent7": [69.77999999999994, 34.59159999999999, 5.881462403178311, 43],
    "agent7noisy": [59.85333333333331, 129.19848888888893, 11.366551319062829, 53],
    "agent8": [73.48666666666668, 44.28760000000009, 6.654892936779682, 49],
    "agent8noisy": [63.29333333333331, 159.22728888888875, 12.618529585054224, 56],
    "testagent": [67.45, 84.41416666666663, 9.187718251375944, 5]
}