{
    "1": {
        "30": [0.6, 0.4]
    },
    "2": {
        "30": [0.8, 0.2]
    },
    "3": {
        "30": [0.7333333333333333, 0.26666666666666666]
    },
    "4": {
        "30": [0.6666666666666666, 0.3333333333333333]
    },
    "5": {
        "30": [0.6333333333333333, 0.36666666666666664]
    },
    "6": {
        "30": [0.4666666666666667, 0.5333333333333333]
    },
    "7": {
        "30": [0.7666666666666667, 0.23333333333333334]
    },
    "8": {
        "30": [0.6333333333333333, 0.36666666666666664]
    },
    "9": {
        "30": [0.6333333333333333, 0.36666666666666664]
    },
    "10": {
        "30": [0.6666666666666666, 0.3333333333333333]
    },
    "11": {
        "30": [0.6, 0.4]
    },
    "12": {
        "30": [0.6666666666666666, 0.3333333333333333]
    },
    "13": {
        "30": [0.6, 0.4]
    },
    "14": {
        "30": [0.7333333333333333, 0.26666666666666666]
    },
    "15": {
        "30": [0.6, 0.4]
    },
    "16": {
        "30": [0.6, 0.4]
    },
    "17": {
        "30": [0.6666666666666666, 0.3333333333333333]
    },
    "18": {
        "30": [0.6, 0.4]
    },
    "19": {
        "30": [0.6333333333333333, 0.36666666666666664]
    },
    "20": {
        "30": [0.4666666666666667, 0.5333333333333333]
    },
    "21": {
        "30": [0.6666666666666666, 0.3333333333333333]
    },
    "22": {
        "30": [0.6666666666666666, 0.3333333333333333]
    },
    "23": {
        "30": [0.75, 0.25]
    },
    "24": {
        "30": [0.8, 0.2]
    },
    "25": {
        "30": [0.4666666666666667, 0.5333333333333333]
    },
    "26": {
        "30": [0.6333333333333333, 0.36666666666666664]
    },
    "27": {
        "30": [0.8, 0.2]
    },
    "28": {
        "30": [0.4666666666666667, 0.5333333333333333]
    },
    "29": {
        "30": [0.6, 0.4]
    },
    "30": {
        "30": [0.6333333333333333, 0.36666666666666664]
    },
    "31": {
        "30": [0.75, 0.25]
    },
    "32": {
        "30": [0.8333333333333334, 0.16666666666666666]
    },
    "33": {
        "30": [0.7333333333333333, 0.26666666666666666]
    },
    "34": {
        "30": [0.7, 0.3]
    },
    "35": {
        "30": [0.6333333333333333, 0.36666666666666664]
    },
    "36": {
        "30": [0.6333333333333333, 0.36666666666666664]
    },
    "37": {
        "30": [0.75, 0.25]
    },
    "38": {
        "30": [0.6, 0.4]
    },
    "39": {
        "30": [0.6666666666666666, 0.3333333333333333]
    },
    "40": {
        "30": [0.8, 0.2]
    },
    "41": {
        "30": [0.75, 0.25]
    },
    "42": {
        "30": [0.7333333333333333, 0.26666666666666666]
    },
    "43": {
        "30": [0.6, 0.4]
    },
    "44": {
        "30": [0.8333333333333334, 0.16666666666666666]
    },
    "45": {
        "30": [0.8, 0.2]
    },
    "46": {
        "30": [0.75, 0.25]
    },
    "47": {
        "30": [0.8, 0.2]
    },
    "48": {
        "30": [0.75, 0.25]
    },
    "49": {
        "30": [0.6, 0.4]
    },
    "50": {
        "30": [0.7, 0.3]
    },
    "51": {
        "30": [0.7, 0.3]
    },
    "52": {
        "30": [0.6333333333333333, 0.36666666666666664]
    },
    "53": {
        "30": [0.7, 0.3]
    },
    "54": {
        "30": [0.8, 0.2]
    },
    "55": {
        "30": [0.75, 0.25]
    },
    "56": {
        "30": [0.6, 0.4]
    },
    "57": {
        "30": [0.43333333333333335, 0.5666666666666667]
    },
    "58": {
        "30": [0.6333333333333333, 0.36666666666666664]
    },
    "59": {
        "30": [0.6333333333333333, 0.36666666666666664]
    },
    "60": {
        "30": [0.6666666666666666, 0.3333333333333333]
    },
    "61": {
        "30": [0.7, 0.3]
    },
    "62": {
        "30": [0.6, 0.4]
    },
    "63": {
        "30": [0.8, 0.2]
    },
    "64": {
        "30": [0.6333333333333333, 0.36666666666666664]
    },
    "65": {
        "30": [0.75, 0.25]
    },
    "66": {
        "30": [0.6, 0.4]
    },
    "67": {
        "30": [0.75, 0.25]
    },
    "68": {
        "30": [0.6, 0.4]
    },
    "69": {
        "30": [0.8, 0.2]
    },
    "70": {
        "30": [0.6333333333333333, 0.36666666666666664]
    },
    "71": {
        "30": [0.8, 0.2]
    },
    "72": {
        "30": [0.6, 0.4]
    },
    "73": {
        "30": [0.6333333333333333, 0.36666666666666664]
    },
    "74": {
        "30": [0.6333333333333333, 0.36666666666666664]
    },
    "75": {
        "30": [0.7666666666666667, 0.23333333333333334]
    },
    "76": {
        "30": [0.6666666666666666, 0.3333333333333333]
    },
    "77": {
        "30": [0.6666666666666666, 0.3333333333333333]
    },
    "78": {
        "30": [0.7, 0.3]
    },
    "79": {
        "30": [0.6666666666666666, 0.3333333333333333]
    },
    "80": {
        "30": [0.8, 0.2]
    },
    "81": {
        "30": [0.6333333333333333, 0.36666666666666664]
    },
    "82": {
        "30": [0.4666666666666667, 0.5333333333333333]
    },
    "83": {
        "30": [0.7333333333333333, 0.26666666666666666]
    },
    "84": {
        "30": [0.8, 0.2]
    },
    "85": {
        "30": [0.6, 0.4]
    },
    "86": {
        "30": [0.7, 0.3]
    },
    "87": {
        "30": [0.4666666666666667, 0.5333333333333333]
    },
    "88": {
        "30": [0.6666666666666666, 0.3333333333333333]
    },
    "89": {
        "30": [0.7, 0.3]
    },
    "90": {
        "30": [0.8666666666666667, 0.13333333333333333]
    },
    "91": {
        "30": [0.6333333333333333, 0.36666666666666664]
    },
    "92": {
        "30": [0.7, 0.3]
    },
    "93": {
        "30": [0.6666666666666666, 0.3333333333333333]
    },
    "94": {
        "30": [0.8, 0.2]
    },
    "95": {
        "30": [0.6666666666666666, 0.3333333333333333]
    },
    "96": {
        "30": [0.8, 0.2]
    },
    "97": {
        "30": [0.6333333333333333, 0.36666666666666664]
    },
    "98": {
        "30": [0.6666666666666666, 0.3333333333333333]
    },
    "99": {
        "30": [0.6, 0.4]
    },
    "100": {
        "30": [0.6333333333333333, 0.36666666666666664]
    }
}